Last Name,First Name,Cell
Billups,Ericka,3174095827
Frith,Marnie,6102038281
Beville,Claudia,8582454852
Fowkes,Brandon,9095697236
Golay,Lavada,2032731595
Judd,Lezlie,8566691632
Cressey,Trena,7863023413
Gabbert,Kory,5854746853
Mullikin,Hermelinda,3023794298
Delafuente,Willodean,9175979702
Butterworth,Thomas,7732403395
Simonetti,Melodi,8326873133
Steed,Frances,8043980334
Zajicek,Youlanda,6504005849
Rolan,Piper,6463613816
Caso,Cherly,4083981015
Crews,Jacalyn,6025614433
Cost,Dawna,4148011989
Casoelli,Emerita,7048772258
Nubia,Weldy,5166802752
Granda,Evonne,2104640220
Goode,Marchelle,4146877388